member_casual,mean_ride_length,total_ride_length,number_of_rides,percent_of_rides
casual,2561.7815281864437,4381117781,1710184,0.42089325597278027
member,930.3509862344094,2189154015,2353041,0.5791067440272197
